Workbook
Name GuestDirectoryNames: 'Guest Directory'!$A$5:$A$304

Sheet Summary
A1: Wedding Functions Guest List
A2: Choose a function below. Every guest list is editable and updates its guest count automatically.
A3: Tip: choose existing names from the dropdown, or type a new name. Use Guest Directory to maintain shared names and default headcounts.
A5: Share with family
A6: Upload this file to OneDrive → open in Excel Online → Share → Link settings → Anyone with the link → Can edit → Apply → Copy link.
A8: Function | B8: Open list | C8: Guest entries | D8: Total guests
A9: Mahendi | B9: =HYPERLINK("#'Mahendi'!A1","Open guest list") | C9: =COUNTIF('Mahendi'!$B$5:$B$304,"?*") | D9: =SUM('Mahendi'!$C$5:$C$304)
A10: Haldi | B10: =HYPERLINK("#'Haldi'!A1","Open guest list") | C10: =COUNTIF('Haldi'!$B$5:$B$304,"?*") | D10: =SUM('Haldi'!$C$5:$C$304)
A11: Paherwani | B11: =HYPERLINK("#'Paherwani'!A1","Open guest list") | C11: =COUNTIF('Paherwani'!$B$5:$B$304,"?*") | D11: =SUM('Paherwani'!$C$5:$C$304)
A12: Ganpati Stapna | B12: =HYPERLINK("#'Ganpati Stapna'!A1","Open guest list") | C12: =COUNTIF('Ganpati Stapna'!$B$5:$B$304,"?*") | D12: =SUM('Ganpati Stapna'!$C$5:$C$304)
A13: Sangeet | B13: =HYPERLINK("#'Sangeet'!A1","Open guest list") | C13: =COUNTIF('Sangeet'!$B$5:$B$304,"?*") | D13: =SUM('Sangeet'!$C$5:$C$304)
A14: Wedding | B14: =HYPERLINK("#'Wedding'!A1","Open guest list") | C14: =COUNTIF('Wedding'!$B$5:$B$304,"?*") | D14: =SUM('Wedding'!$C$5:$C$304)
A15: All functions total | C15: =SUM(C9:C14) | D15: =SUM(D9:D14)
A17: =HYPERLINK("#'Guest Directory'!A1","Open Guest Directory")
A19: Important
A20: An “Anyone can edit” link lets anyone who receives it change or delete entries. Keep a backup copy.

Sheet Guest Directory
A1: Guest Directory
A2: Edit shared names and default headcounts here. Event sheets use this list for their guest-name dropdowns and automatic headcount suggestions.
A3: =HYPERLINK("#Summary!A1","← Back to Summary")
A4: Guest Name | B4: Default Family Members / Total People | C4: Notes
A5: shree ganeshay namah | B5: 0
A6: shree bherulalji | B6: 4
A7: kamlesh shah | B7: 6
A8: dinesh jagetiya | B8: 4
A9: lalit jagetiya | B9: 4
A10: shree sundarlalji | B10: 4
A11: anil jagetiya | B11: 2
A12: rajesh jagetiya | B12: 2
A13: ganpat anand | B13: 4
A14: pintu anand | B14: 4
A15: manoj anand | B15: 4
A16: piyushbhai madhiwala | B16: 3
... A35: sanjay kothari | B35: 3

Sheet Mahendi
A1: Mahendi Guest List
A2: Pick an existing name from the dropdown or type a new name. The headcount fills from Guest Directory when available and remains editable. | F2: Guest entries | G2: =COUNTIF(B5:B304,"?*")
A3: =HYPERLINK("#Summary!A1","← Back to Summary") | F3: Total guests | G3: =SUM(C5:C304)
A4: S.No | B4: Guest Name | C4: Family Members / Total People | D4: Notes | F4: Count each party exactly as you want it included in the total.
A5: =IF(B5="","",ROW()-4) | B5: shree ganeshay namah | C5: 0
A6: =IF(B6="","",ROW()-4) | B6: shree bherulalji | C6: 4
A7: =IF(B7="","",ROW()-4) | B7: kamlesh shah | C7: 6
A8: =IF(B8="","",ROW()-4) | B8: dinesh jagetiya | C8: 4
A9: =IF(B9="","",ROW()-4) | B9: lalit jagetiya | C9: 4
A10: =IF(B10="","",ROW()-4) | B10: shree sundarlalji | C10: 4
A11: =IF(B11="","",ROW()-4) | B11: anil jagetiya | C11: 2
A12: =IF(B12="","",ROW()-4) | B12: rajesh jagetiya | C12: 2
A13: =IF(B13="","",ROW()-4) | B13: ganpat anand | C13: 4
A14: =IF(B14="","",ROW()-4) | B14: pintu anand | C14: 4
A15: =IF(B15="","",ROW()-4) | B15: manoj anand | C15: 4
A16: =IF(B16="","",ROW()-4) | B16: piyushbhai madhiwala | C16: 3
... A35: =IF(B35="","",ROW()-4) | B35: sanjay kothari | C35: 3
A36: =IF(B36="","",ROW()-4) | C36: =IF(B36="","",IFERROR(VLOOKUP(B36,'Guest Directory'!$A$5:$B$304,2,FALSE),""))
A37: =IF(B37="","",ROW()-4) | C37: =IF(B37="","",IFERROR(VLOOKUP(B37,'Guest Directory'!$A$5:$B$304,2,FALSE),""))
A38: =IF(B38="","",ROW()-4) | C38: =IF(B38="","",IFERROR(VLOOKUP(B38,'Guest Directory'!$A$5:$B$304,2,FALSE),""))
A39: =IF(B39="","",ROW()-4) | C39: =IF(B39="","",IFERROR(VLOOKUP(B39,'Guest Directory'!$A$5:$B$304,2,FALSE),""))
A40: =IF(B40="","",ROW()-4) | C40: =IF(B40="","",IFERROR(VLOOKUP(B40,'Guest Directory'!$A$5:$B$304,2,FALSE),""))
A41: =IF(B41="","",ROW()-4) | C41: =IF(B41="","",IFERROR(VLOOKUP(B41,'Guest Directory'!$A$5:$B$304,2,FALSE),""))
A42: =IF(B42="","",ROW()-4) | C42: =IF(B42="","",IFERROR(VLOOKUP(B42,'Guest Directory'!$A$5:$B$304,2,FALSE),""))
A43: =IF(B43="","",ROW()-4) | C43: =IF(B43="","",IFERROR(VLOOKUP(B43,'Guest Directory'!$A$5:$B$304,2,FALSE),""))
A44: =IF(B44="","",ROW()-4) | C44: =IF(B44="","",IFERROR(VLOOKUP(B44,'Guest Directory'!$A$5:$B$304,2,FALSE),""))
A45: =IF(B45="","",ROW()-4) | C45: =IF(B45="","",IFERROR(VLOOKUP(B45,'Guest Directory'!$A$5:$B$304,2,FALSE),""))
A46: =IF(B46="","",ROW()-4) | C46: =IF(B46="","",IFERROR(VLOOKUP(B46,'Guest Directory'!$A$5:$B$304,2,FALSE),""))
A47: =IF(B47="","",ROW()-4) | C47: =IF(B47="","",IFERROR(VLOOKUP(B47,'Guest Directory'!$A$5:$B$304,2,FALSE),""))
... A304: =IF(B304="","",ROW()-4) | C304: =IF(B304="","",IFERROR(VLOOKUP(B304,'Guest Directory'!$A$5:$B$304,2,FALSE),""))

Sheet Haldi
A1: Haldi Guest List
A2: Pick an existing name from the dropdown or type a new name. The headcount fills from Guest Directory when available and remains editable. | F2: Guest entries | G2: =COUNTIF(B5:B304,"?*")
A3: =HYPERLINK("#Summary!A1","← Back to Summary") | F3: Total guests | G3: =SUM(C5:C304)
A4: S.No | B4: Guest Name | C4: Family Members / Total People | D4: Notes | F4: Count each party exactly as you want it included in the total.
A5: =IF(B5="","",ROW()-4) | C5: =IF(B5="","",IFERROR(VLOOKUP(B5,'Guest Directory'!$A$5:$B$304,2,FALSE),""))
A6: =IF(B6="","",ROW()-4) | C6: =IF(B6="","",IFERROR(VLOOKUP(B6,'Guest Directory'!$A$5:$B$304,2,FALSE),""))
A7: =IF(B7="","",ROW()-4) | C7: =IF(B7="","",IFERROR(VLOOKUP(B7,'Guest Directory'!$A$5:$B$304,2,FALSE),""))
A8: =IF(B8="","",ROW()-4) | C8: =IF(B8="","",IFERROR(VLOOKUP(B8,'Guest Directory'!$A$5:$B$304,2,FALSE),""))
A9: =IF(B9="","",ROW()-4) | C9: =IF(B9="","",IFERROR(VLOOKUP(B9,'Guest Directory'!$A$5:$B$304,2,FALSE),""))
A10: =IF(B10="","",ROW()-4) | C10: =IF(B10="","",IFERROR(VLOOKUP(B10,'Guest Directory'!$A$5:$B$304,2,FALSE),""))
A11: =IF(B11="","",ROW()-4) | C11: =IF(B11="","",IFERROR(VLOOKUP(B11,'Guest Directory'!$A$5:$B$304,2,FALSE),""))
A12: =IF(B12="","",ROW()-4) | C12: =IF(B12="","",IFERROR(VLOOKUP(B12,'Guest Directory'!$A$5:$B$304,2,FALSE),""))
A13: =IF(B13="","",ROW()-4) | C13: =IF(B13="","",IFERROR(VLOOKUP(B13,'Guest Directory'!$A$5:$B$304,2,FALSE),""))
A14: =IF(B14="","",ROW()-4) | C14: =IF(B14="","",IFERROR(VLOOKUP(B14,'Guest Directory'!$A$5:$B$304,2,FALSE),""))
A15: =IF(B15="","",ROW()-4) | C15: =IF(B15="","",IFERROR(VLOOKUP(B15,'Guest Directory'!$A$5:$B$304,2,FALSE),""))
A16: =IF(B16="","",ROW()-4) | C16: =IF(B16="","",IFERROR(VLOOKUP(B16,'Guest Directory'!$A$5:$B$304,2,FALSE),""))
... A304: =IF(B304="","",ROW()-4) | C304: =IF(B304="","",IFERROR(VLOOKUP(B304,'Guest Directory'!$A$5:$B$304,2,FALSE),""))

Sheet Paherwani
A1: Paherwani Guest List
A2: Pick an existing name from the dropdown or type a new name. The headcount fills from Guest Directory when available and remains editable. | F2: Guest entries | G2: =COUNTIF(B5:B304,"?*")
A3: =HYPERLINK("#Summary!A1","← Back to Summary") | F3: Total guests | G3: =SUM(C5:C304)
A4: S.No | B4: Guest Name | C4: Family Members / Total People | D4: Notes | F4: Count each party exactly as you want it included in the total.
A5: =IF(B5="","",ROW()-4) | C5: =IF(B5="","",IFERROR(VLOOKUP(B5,'Guest Directory'!$A$5:$B$304,2,FALSE),""))
A6: =IF(B6="","",ROW()-4) | C6: =IF(B6="","",IFERROR(VLOOKUP(B6,'Guest Directory'!$A$5:$B$304,2,FALSE),""))
A7: =IF(B7="","",ROW()-4) | C7: =IF(B7="","",IFERROR(VLOOKUP(B7,'Guest Directory'!$A$5:$B$304,2,FALSE),""))
A8: =IF(B8="","",ROW()-4) | C8: =IF(B8="","",IFERROR(VLOOKUP(B8,'Guest Directory'!$A$5:$B$304,2,FALSE),""))
A9: =IF(B9="","",ROW()-4) | C9: =IF(B9="","",IFERROR(VLOOKUP(B9,'Guest Directory'!$A$5:$B$304,2,FALSE),""))
A10: =IF(B10="","",ROW()-4) | C10: =IF(B10="","",IFERROR(VLOOKUP(B10,'Guest Directory'!$A$5:$B$304,2,FALSE),""))
A11: =IF(B11="","",ROW()-4) | C11: =IF(B11="","",IFERROR(VLOOKUP(B11,'Guest Directory'!$A$5:$B$304,2,FALSE),""))
A12: =IF(B12="","",ROW()-4) | C12: =IF(B12="","",IFERROR(VLOOKUP(B12,'Guest Directory'!$A$5:$B$304,2,FALSE),""))
A13: =IF(B13="","",ROW()-4) | C13: =IF(B13="","",IFERROR(VLOOKUP(B13,'Guest Directory'!$A$5:$B$304,2,FALSE),""))
A14: =IF(B14="","",ROW()-4) | C14: =IF(B14="","",IFERROR(VLOOKUP(B14,'Guest Directory'!$A$5:$B$304,2,FALSE),""))
A15: =IF(B15="","",ROW()-4) | C15: =IF(B15="","",IFERROR(VLOOKUP(B15,'Guest Directory'!$A$5:$B$304,2,FALSE),""))
A16: =IF(B16="","",ROW()-4) | C16: =IF(B16="","",IFERROR(VLOOKUP(B16,'Guest Directory'!$A$5:$B$304,2,FALSE),""))
... A304: =IF(B304="","",ROW()-4) | C304: =IF(B304="","",IFERROR(VLOOKUP(B304,'Guest Directory'!$A$5:$B$304,2,FALSE),""))

Sheet Ganpati Stapna
A1: Ganpati Stapna Guest List
A2: Pick an existing name from the dropdown or type a new name. The headcount fills from Guest Directory when available and remains editable. | F2: Guest entries | G2: =COUNTIF(B5:B304,"?*")
A3: =HYPERLINK("#Summary!A1","← Back to Summary") | F3: Total guests | G3: =SUM(C5:C304)
A4: S.No | B4: Guest Name | C4: Family Members / Total People | D4: Notes | F4: Count each party exactly as you want it included in the total.
A5: =IF(B5="","",ROW()-4) | C5: =IF(B5="","",IFERROR(VLOOKUP(B5,'Guest Directory'!$A$5:$B$304,2,FALSE),""))
A6: =IF(B6="","",ROW()-4) | C6: =IF(B6="","",IFERROR(VLOOKUP(B6,'Guest Directory'!$A$5:$B$304,2,FALSE),""))
A7: =IF(B7="","",ROW()-4) | C7: =IF(B7="","",IFERROR(VLOOKUP(B7,'Guest Directory'!$A$5:$B$304,2,FALSE),""))
A8: =IF(B8="","",ROW()-4) | C8: =IF(B8="","",IFERROR(VLOOKUP(B8,'Guest Directory'!$A$5:$B$304,2,FALSE),""))
A9: =IF(B9="","",ROW()-4) | C9: =IF(B9="","",IFERROR(VLOOKUP(B9,'Guest Directory'!$A$5:$B$304,2,FALSE),""))
A10: =IF(B10="","",ROW()-4) | C10: =IF(B10="","",IFERROR(VLOOKUP(B10,'Guest Directory'!$A$5:$B$304,2,FALSE),""))
A11: =IF(B11="","",ROW()-4) | C11: =IF(B11="","",IFERROR(VLOOKUP(B11,'Guest Directory'!$A$5:$B$304,2,FALSE),""))
A12: =IF(B12="","",ROW()-4) | C12: =IF(B12="","",IFERROR(VLOOKUP(B12,'Guest Directory'!$A$5:$B$304,2,FALSE),""))
A13: =IF(B13="","",ROW()-4) | C13: =IF(B13="","",IFERROR(VLOOKUP(B13,'Guest Directory'!$A$5:$B$304,2,FALSE),""))
A14: =IF(B14="","",ROW()-4) | C14: =IF(B14="","",IFERROR(VLOOKUP(B14,'Guest Directory'!$A$5:$B$304,2,FALSE),""))
A15: =IF(B15="","",ROW()-4) | C15: =IF(B15="","",IFERROR(VLOOKUP(B15,'Guest Directory'!$A$5:$B$304,2,FALSE),""))
A16: =IF(B16="","",ROW()-4) | C16: =IF(B16="","",IFERROR(VLOOKUP(B16,'Guest Directory'!$A$5:$B$304,2,FALSE),""))
... A304: =IF(B304="","",ROW()-4) | C304: =IF(B304="","",IFERROR(VLOOKUP(B304,'Guest Directory'!$A$5:$B$304,2,FALSE),""))

Sheet Sangeet
A1: Sangeet Guest List
A2: Pick an existing name from the dropdown or type a new name. The headcount fills from Guest Directory when available and remains editable. | F2: Guest entries | G2: =COUNTIF(B5:B304,"?*")
A3: =HYPERLINK("#Summary!A1","← Back to Summary") | F3: Total guests | G3: =SUM(C5:C304)
A4: S.No | B4: Guest Name | C4: Family Members / Total People | D4: Notes | F4: Count each party exactly as you want it included in the total.
A5: =IF(B5="","",ROW()-4) | C5: =IF(B5="","",IFERROR(VLOOKUP(B5,'Guest Directory'!$A$5:$B$304,2,FALSE),""))
A6: =IF(B6="","",ROW()-4) | C6: =IF(B6="","",IFERROR(VLOOKUP(B6,'Guest Directory'!$A$5:$B$304,2,FALSE),""))
A7: =IF(B7="","",ROW()-4) | C7: =IF(B7="","",IFERROR(VLOOKUP(B7,'Guest Directory'!$A$5:$B$304,2,FALSE),""))
A8: =IF(B8="","",ROW()-4) | C8: =IF(B8="","",IFERROR(VLOOKUP(B8,'Guest Directory'!$A$5:$B$304,2,FALSE),""))
A9: =IF(B9="","",ROW()-4) | C9: =IF(B9="","",IFERROR(VLOOKUP(B9,'Guest Directory'!$A$5:$B$304,2,FALSE),""))
A10: =IF(B10="","",ROW()-4) | C10: =IF(B10="","",IFERROR(VLOOKUP(B10,'Guest Directory'!$A$5:$B$304,2,FALSE),""))
A11: =IF(B11="","",ROW()-4) | C11: =IF(B11="","",IFERROR(VLOOKUP(B11,'Guest Directory'!$A$5:$B$304,2,FALSE),""))
A12: =IF(B12="","",ROW()-4) | C12: =IF(B12="","",IFERROR(VLOOKUP(B12,'Guest Directory'!$A$5:$B$304,2,FALSE),""))
A13: =IF(B13="","",ROW()-4) | C13: =IF(B13="","",IFERROR(VLOOKUP(B13,'Guest Directory'!$A$5:$B$304,2,FALSE),""))
A14: =IF(B14="","",ROW()-4) | C14: =IF(B14="","",IFERROR(VLOOKUP(B14,'Guest Directory'!$A$5:$B$304,2,FALSE),""))
A15: =IF(B15="","",ROW()-4) | C15: =IF(B15="","",IFERROR(VLOOKUP(B15,'Guest Directory'!$A$5:$B$304,2,FALSE),""))
A16: =IF(B16="","",ROW()-4) | C16: =IF(B16="","",IFERROR(VLOOKUP(B16,'Guest Directory'!$A$5:$B$304,2,FALSE),""))
... A304: =IF(B304="","",ROW()-4) | C304: =IF(B304="","",IFERROR(VLOOKUP(B304,'Guest Directory'!$A$5:$B$304,2,FALSE),""))

Sheet Wedding
A1: Wedding Guest List
A2: Pick an existing name from the dropdown or type a new name. The headcount fills from Guest Directory when available and remains editable. | F2: Guest entries | G2: =COUNTIF(B5:B304,"?*")
A3: =HYPERLINK("#Summary!A1","← Back to Summary") | F3: Total guests | G3: =SUM(C5:C304)
A4: S.No | B4: Guest Name | C4: Family Members / Total People | D4: Notes | F4: Count each party exactly as you want it included in the total.
A5: =IF(B5="","",ROW()-4) | C5: =IF(B5="","",IFERROR(VLOOKUP(B5,'Guest Directory'!$A$5:$B$304,2,FALSE),""))
A6: =IF(B6="","",ROW()-4) | C6: =IF(B6="","",IFERROR(VLOOKUP(B6,'Guest Directory'!$A$5:$B$304,2,FALSE),""))
A7: =IF(B7="","",ROW()-4) | C7: =IF(B7="","",IFERROR(VLOOKUP(B7,'Guest Directory'!$A$5:$B$304,2,FALSE),""))
A8: =IF(B8="","",ROW()-4) | C8: =IF(B8="","",IFERROR(VLOOKUP(B8,'Guest Directory'!$A$5:$B$304,2,FALSE),""))
A9: =IF(B9="","",ROW()-4) | C9: =IF(B9="","",IFERROR(VLOOKUP(B9,'Guest Directory'!$A$5:$B$304,2,FALSE),""))
A10: =IF(B10="","",ROW()-4) | C10: =IF(B10="","",IFERROR(VLOOKUP(B10,'Guest Directory'!$A$5:$B$304,2,FALSE),""))
A11: =IF(B11="","",ROW()-4) | C11: =IF(B11="","",IFERROR(VLOOKUP(B11,'Guest Directory'!$A$5:$B$304,2,FALSE),""))
A12: =IF(B12="","",ROW()-4) | C12: =IF(B12="","",IFERROR(VLOOKUP(B12,'Guest Directory'!$A$5:$B$304,2,FALSE),""))
A13: =IF(B13="","",ROW()-4) | C13: =IF(B13="","",IFERROR(VLOOKUP(B13,'Guest Directory'!$A$5:$B$304,2,FALSE),""))
A14: =IF(B14="","",ROW()-4) | C14: =IF(B14="","",IFERROR(VLOOKUP(B14,'Guest Directory'!$A$5:$B$304,2,FALSE),""))
A15: =IF(B15="","",ROW()-4) | C15: =IF(B15="","",IFERROR(VLOOKUP(B15,'Guest Directory'!$A$5:$B$304,2,FALSE),""))
A16: =IF(B16="","",ROW()-4) | C16: =IF(B16="","",IFERROR(VLOOKUP(B16,'Guest Directory'!$A$5:$B$304,2,FALSE),""))
... A304: =IF(B304="","",ROW()-4) | C304: =IF(B304="","",IFERROR(VLOOKUP(B304,'Guest Directory'!$A$5:$B$304,2,FALSE),""))
